ID,NAME,EMAIL,PHONE_NUMBER,PAYMENT_CARD_NUMBER,CVV,DOB,IP_ADDRESS,INDIAN_MOBILE,AADHAAR,PAN_CARD,VOTER_ID,IFSC_CODE,INDIAN_BANK_ACCOUNT,INDIAN_PASSPORT
1,Stuvan Gandhi,user_1@yahoo.com,+********5316,************4030,***,XX-XX-1990,***.13.113.13,+********0310,**** 1465 9020,XXXXXXXXXX,XXXXXXXXXX,FUVBXXXXXXX,**************3623,D71837878
2,Hazel Bhandari,user_2@gmail.com,+********9658,************5964,***,XX-XX-1978,***.***.***.229,+********3938,**** 1633 3924,XXXXXXXXXX,XXXXXXXXXX,CYFYXXXXXXX,**************0897,R56655145
3,Trisha Chaudry,user_3@bera-rastogi.com,+********7975,************7719,***,XX-XX-1990,***.227.224.247,+********8453,**** 8741 1490,XXXXXXXXXX,XXXXXXXXXX,NTLTXXXXXXX,*************6222,G35992681
4,Navya Sarin,user_4@gmail.com,******1370,************4007,***,XX-XX-1958,***.***.***.97,+********3790,**** 1389 7948,XXXXXXXXXX,XXXXXXXXXX,VGDXXXXXXXX,**************3007,B87359888
5,Keya Bal,user_5@gmail.com,+********7422,************5441,***,XX-XX-1992,***.166.107.18,+********1064,**** 6578 5123,XXXXXXXXXX,XXXXXXXXXX,HHPYXXXXXXX,**************4523,A36047039
6,Vivaan Desai,user_6@hotmail.com,+********0775,************3197,***,XX-XX-1969,***.178.40.37,+********1021,**** 4777 4191,XXXXXXXXXX,XXXXXXXXXX,FLQZXXXXXXX,**************2133,P25045591
7,Suhana Dara,user_7@sodhi.net,******0175,************5978,***,XX-XX-2005,***.184.234.15,+********5880,**** 1416 8985,XXXXXXXXXX,XXXXXXXXXX,ZXPFXXXXXXX,**************6045,A28985728
8,Ehsaan Sarraf,user_8@lata-varkey.biz,******3677,************5576,***,XX-XX-1986,***.123.45.10,+********0596,**** 8888 9991,XXXXXXXXXX,XXXXXXXXXX,XEKJXXXXXXX,**************4907,B54452429
9,Ayesha Kalla,user_9@gmail.com,*******3951,************7274,***,XX-XX-1955,***.64.154.90,+********5069,**** 8838 1099,XXXXXXXXXX,XXXXXXXXXX,NKYBXXXXXXX,*************6613,N18775152
10,Dhanush Mahal,user_10@chadha-hayre.net,+********0615,************8959,***,XX-XX-1987,***.***.***.94,+********5527,**** 6020 5529,XXXXXXXXXX,XXXXXXXXXX,KBORXXXXXXX,**************1939,Y99144578
11,Prisha Chana,user_11@cheema.org,+********6733,************3528,***,XX-XX-1975,***.132.13.168,+********9866,**** 7382 5655,XXXXXXXXXX,XXXXXXXXXX,KNGOXXXXXXX,**************3168,B94789348
12,Zoya Manne,user_12@yahoo.com,+********5334,************3698,***,XX-XX-1997,***.54.4.184,+********6417,**** 9577 4951,XXXXXXXXXX,XXXXXXXXXX,TSCSXXXXXXX,**************7027,K33027158
13,Mamooty Solanki,user_13@saxena.com,******8827,************2682,***,XX-XX-1964,***.***.***.14,+********7471,**** 7767 1008,XXXXXXXXXX,XXXXXXXXXX,COIUXXXXXXX,**************2755,N62570583
14,Kiaan Brar,user_14@gandhi-chakrabarti.com,+********6671,************5810,***,XX-XX-1963,***.***.***.142,+********0255,**** 5529 2062,XXXXXXXXXX,XXXXXXXXXX,LNYYXXXXXXX,**************7417,S81012803
15,Taran Chowdhury,user_15@som-sankaran.com,*******2903,************5717,***,XX-XX-1989,***.139.213.48,+********1835,**** 7638 2334,XXXXXXXXXX,XXXXXXXXXX,OKVHXXXXXXX,**************3301,P69970602
16,Kavya Dhar,user_16@gmail.com,*******1529,************9156,***,XX-XX-1965,***.13.114.73,+********7852,**** 5554 9677,XXXXXXXXXX,XXXXXXXXXX,NENSXXXXXXX,**************0273,B49484623
17,Ranbir Salvi,user_17@hotmail.com,******6350,************4254,***,XX-XX-1973,***.185.97.125,+********0030,**** 5565 2753,XXXXXXXXXX,XXXXXXXXXX,YOOYXXXXXXX,**************4089,T48654604
18,Bhavin Bala,user_18@hotmail.com,*******9611,************1441,***,XX-XX-1983,***.***.***.91,+********6215,**** 5241 6283,XXXXXXXXXX,XXXXXXXXXX,OHWLXXXXXXX,**************9981,A55555611
19,Nayantara Lal,user_19@gmail.com,******7847,************3607,***,XX-XX-1992,***.177.147.175,+********0590,**** 4539 4168,XXXXXXXXXX,XXXXXXXXXX,CELCXXXXXXX,**************8878,F51885604
20,Shalv Tata,user_20@gmail.com,*******4300,************6563,***,XX-XX-1954,***.***.***.97,+********1868,**** 6017 2694,XXXXXXXXXX,XXXXXXXXXX,PWMFXXXXXXX,**************8382,N11186201
21,Vritika Raman,user_21@dara.com,*******7473,************4160,***,XX-XX-1959,***.48.62.97,+********5893,**** 9577 6576,XXXXXXXXXX,XXXXXXXXXX,YWNNXXXXXXX,**************2429,I64251365
22,Nitara Srivastava,user_22@gmail.com,*******6043,************3149,***,XX-XX-2003,***.142.171.209,+********1591,**** 8645 8848,XXXXXXXXXX,XXXXXXXXXX,MVJJXXXXXXX,**************3283,N26022803
23,Alia Wason,user_23@bora.org,+********3311,************4950,***,XX-XX-2003,***.21.29.179,+********8941,**** 8508 5072,XXXXXXXXXX,XXXXXXXXXX,SMUPXXXXXXX,**************6103,N11185374
24,Vidur Sarma,user_24@hotmail.com,*******3583,************2892,***,XX-XX-1969,***.***.***.138,+********7520,**** 2076 6583,XXXXXXXXXX,XXXXXXXXXX,ZPSZXXXXXXX,**************4257,O47559463
25,Neysa Kapur,user_25@rama.net,*******9712,************9382,***,XX-XX-1949,***.107.244.4,+********0981,**** 2740 8595,XXXXXXXXXX,XXXXXXXXXX,TRZXXXXXXXX,**************0059,Y17698208
26,Seher Roy,user_26@goswami.com,******2069,************5751,***,XX-XX-2001,***.123.119.79,+********3802,**** 8176 2235,XXXXXXXXXX,XXXXXXXXXX,PKCYXXXXXXX,**************2017,M49927763
27,Zaina Goel,user_27@hotmail.com,******0454,************7469,***,XX-XX-1955,***.162.55.177,+********0192,**** 5010 8534,XXXXXXXXXX,XXXXXXXXXX,INKAXXXXXXX,**************8566,A38155196
28,Eshani Dasgupta,user_28@yahoo.com,******8541,************7925,***,XX-XX-1990,***.182.98.7,+********6872,**** 3438 8241,XXXXXXXXXX,XXXXXXXXXX,JGVRXXXXXXX,**************6418,L21462027
29,Zeeshan Mani,user_29@gmail.com,*******8177,************6367,***,XX-XX-1955,***.97.24.74,+********8459,**** 7970 4108,XXXXXXXXXX,XXXXXXXXXX,MVZUXXXXXXX,**************4551,V42997359
30,Hiran Dada,user_30@gmail.com,******4492,************3293,***,XX-XX-1980,***.176.166.144,+********6599,**** 6630 2014,XXXXXXXXXX,XXXXXXXXXX,TPVRXXXXXXX,**************0378,B66015509
31,Sumer Sidhu,user_31@dhar.org,******9387,************1999,***,XX-XX-1949,***.237.249.27,+********7605,**** 2481 2833,XXXXXXXXXX,XXXXXXXXXX,DKNMXXXXXXX,**************2941,V22056612
32,Piya Arya,user_32@dhawan-kadakia.com,+********7031,************4739,***,XX-XX-2004,***.***.***.212,+********5164,**** 7787 3674,XXXXXXXXXX,XXXXXXXXXX,XCSZXXXXXXX,*************8613,G65089983
33,Divij Kala,user_33@varma.com,+********5521,************7872,***,XX-XX-1963,***.201.154.7,+********3428,**** 8439 7812,XXXXXXXXXX,XXXXXXXXXX,WCKEXXXXXXX,**************8037,T45884039
34,Nirvaan Sani,user_34@hotmail.com,*******7562,************3111,***,XX-XX-1959,***.***.***.176,+********0732,**** 4759 8043,XXXXXXXXXX,XXXXXXXXXX,BTMRXXXXXXX,**************0849,K49711136
35,Mannat Dugar,user_35@malhotra.com,+********5768,************8333,***,XX-XX-1984,***.98.121.154,+********1173,**** 6954 1510,XXXXXXXXXX,XXXXXXXXXX,WDJZXXXXXXX,**************2179,C92149033
36,Shlok Subramanian,user_36@vaidya.info,+********3050,************4073,***,XX-XX-1950,***.***.***.252,+********0191,**** 5136 9953,XXXXXXXXXX,XXXXXXXXXX,QMYJXXXXXXX,**************7729,J38697609
37,Dhanush Mall,user_37@gmail.com,+********2282,************3892,***,XX-XX-1990,***.44.204.227,+********8732,**** 7343 3418,XXXXXXXXXX,XXXXXXXXXX,AHZAXXXXXXX,**************7349,F37644495
38,Zara Bhardwaj,user_38@dugal.com,+********5001,************8626,***,XX-XX-1998,***.***.***.136,+********6698,**** 5981 4174,XXXXXXXXXX,XXXXXXXXXX,ZRGNXXXXXXX,**************3502,T99510285
39,Dhruv Sachdeva,user_39@hotmail.com,******7251,************4984,***,XX-XX-1982,***.198.88.133,+********0585,**** 9164 7827,XXXXXXXXXX,XXXXXXXXXX,BIJRXXXXXXX,**************8245,G53524448
40,Dhanuk Dada,user_40@yahoo.com,******8216,************6519,***,XX-XX-1962,***.79.35.0,+********7610,**** 6919 8104,XXXXXXXXXX,XXXXXXXXXX,SBYEXXXXXXX,**************2735,A77938026
41,Darshit Gala,user_41@yahoo.com,******4359,************8841,***,XX-XX-1960,***.195.204.193,+********8876,**** 4332 8842,XXXXXXXXXX,XXXXXXXXXX,YYKPXXXXXXX,**************4494,R75097402
42,Mannat Wason,user_42@gmail.com,******7956,************9911,***,XX-XX-1976,***.231.135.216,+********0862,**** 7866 7296,XXXXXXXXXX,XXXXXXXXXX,SPKDXXXXXXX,**************3317,P97228031
43,Bhavin Edwin,user_43@kade.biz,******4332,************3991,***,XX-XX-1990,***.***.***.94,+********0524,**** 9409 6388,XXXXXXXXXX,XXXXXXXXXX,NLULXXXXXXX,**************1225,U33573543
44,Adira Kumer,user_44@yahoo.com,*******5984,************1860,***,XX-XX-2002,***.***.***.61,+********9845,**** 2340 2235,XXXXXXXXXX,XXXXXXXXXX,HEYKXXXXXXX,**************1723,S74133918
45,Taran Butala,user_45@gmail.com,******3603,************2240,***,XX-XX-1960,***.2.240.152,+********9741,**** 7305 8535,XXXXXXXXXX,XXXXXXXXXX,UBAWXXXXXXX,**************0840,I41744512
46,Lavanya Johal,user_46@jani-bajwa.com,******1876,************2659,***,XX-XX-1959,***.84.239.243,+********3458,**** 3365 9605,XXXXXXXXXX,XXXXXXXXXX,XOGNXXXXXXX,**************4952,S56252712
47,Advika Banerjee,user_47@yahoo.com,******5753,************4864,***,XX-XX-1953,***.186.175.159,+********1008,**** 2815 8016,XXXXXXXXXX,XXXXXXXXXX,VAXUXXXXXXX,**************0559,R86115205
48,Biju Rattan,user_48@sunder.org,******4023,************8270,***,XX-XX-1984,***.72.119.93,+********9030,**** 1212 5378,XXXXXXXXXX,XXXXXXXXXX,DQLUXXXXXXX,**************4021,D36735935
49,Kartik Sandal,user_49@gole.com,*******3519,************6301,***,XX-XX-1952,***.***.***.175,+********7064,**** 2276 9590,XXXXXXXXXX,XXXXXXXXXX,YUZSXXXXXXX,**************8298,K53529951
50,Dharmajan Dixit,user_50@yahoo.com,******9149,************8662,***,XX-XX-1958,***.48.224.81,+********1188,**** 5330 1082,XXXXXXXXXX,XXXXXXXXXX,YYPUXXXXXXX,**************0552,P66824795
51,Aradhya Dash,user_51@gmail.com,*******0455,************1963,***,XX-XX-1952,***.***.***.235,+********2306,**** 9154 4190,XXXXXXXXXX,XXXXXXXXXX,LOBZXXXXXXX,**************6455,X23217851
52,Yuvaan Barad,user_52@yahoo.com,*******7865,************8142,***,XX-XX-1969,***.***.***.230,+********7702,**** 4745 5186,XXXXXXXXXX,XXXXXXXXXX,PEXUXXXXXXX,**************3942,D16053702
53,Arhaan Dhar,user_53@dugar-shroff.com,*******1524,************1204,***,XX-XX-1977,***.139.174.142,+********2287,**** 2271 2701,XXXXXXXXXX,XXXXXXXXXX,WFPIXXXXXXX,**************1971,G13689808
54,Anahi Sagar,user_54@yahoo.com,*******8626,************5665,***,XX-XX-1974,***.***.***.213,+********1705,**** 5027 3527,XXXXXXXXXX,XXXXXXXXXX,BCBUXXXXXXX,**************0825,F19440733
55,Tara Basu,user_55@deshpande.com,*******4840,************9150,***,XX-XX-1993,***.5.106.198,+********6336,**** 3058 9964,XXXXXXXXXX,XXXXXXXXXX,LHFVXXXXXXX,**************2390,R15797542
56,Nitara Andra,user_56@reddy.com,*******0227,************6536,***,XX-XX-1981,***.***.***.82,+********9991,**** 4360 6271,XXXXXXXXXX,XXXXXXXXXX,SZSWXXXXXXX,**************3383,V31510253
57,Damini Dyal,user_57@mangat.biz,+********0114,************8338,***,XX-XX-1997,***.176.101.105,+********4883,**** 1188 9080,XXXXXXXXXX,XXXXXXXXXX,WOEDXXXXXXX,**************1646,I66150323
58,Jivin Saxena,user_58@dasgupta.biz,+********3886,************6482,***,XX-XX-1959,***.13.216.248,+********0386,**** 4823 4379,XXXXXXXXXX,XXXXXXXXXX,PKAPXXXXXXX,**************0001,T35323425
59,Trisha Kibe,user_59@krishnamurthy.info,+********8158,************7680,***,XX-XX-1962,***.***.***.192,+********6261,**** 9912 4518,XXXXXXXXXX,XXXXXXXXXX,AKDZXXXXXXX,**************8639,O42852419
60,Fateh Sandal,user_60@gmail.com,******0075,************6338,***,XX-XX-1946,***.***.24.83,+********4256,**** 4327 2399,XXXXXXXXXX,XXXXXXXXXX,DUUIXXXXXXX,**************0655,U41867945
61,Ojas Ahuja,user_61@devan.com,+********2549,************3042,***,XX-XX-1953,***.***.***.107,+********3315,**** 7536 3870,XXXXXXXXXX,XXXXXXXXXX,SLXGXXXXXXX,**************1537,G83193648
62,Samar Gaba,user_62@aggarwal-bhatti.com,+********3237,************7440,***,XX-XX-1994,***.175.161.57,+********5171,**** 1801 2994,XXXXXXXXXX,XXXXXXXXXX,EALNXXXXXXX,**************5171,V99779319
63,Akarsh Randhawa,user_63@dutta.biz,+********4030,************4327,***,XX-XX-1970,***.***.***.112,+********2476,**** 5492 7657,XXXXXXXXXX,XXXXXXXXXX,LABQXXXXXXX,**************3445,S89297219
64,Vardaniya Kalita,user_64@das.biz,+********5847,************4316,***,XX-XX-1995,***.9.180.171,+********0216,**** 3829 1281,XXXXXXXXXX,XXXXXXXXXX,NLJKXXXXXXX,**************3285,S94264345
65,Reyansh Bhatti,user_65@hotmail.com,*******5043,************3797,***,XX-XX-1991,***.9.119.249,+********1515,**** 7413 9518,XXXXXXXXXX,XXXXXXXXXX,QXBXXXXXXXX,**************0902,I44814687
66,Mishti Goel,user_66@yahoo.com,*******1435,************8777,***,XX-XX-1988,***.145.7.10,+********6741,**** 4912 4889,XXXXXXXXXX,XXXXXXXXXX,AOTBXXXXXXX,**************4922,R67440776
67,Madhav Ghose,user_67@gmail.com,******4461,************7874,***,XX-XX-1976,***.245.37.64,+********4180,**** 5402 6351,XXXXXXXXXX,XXXXXXXXXX,EFPWXXXXXXX,**************5937,F19260253
68,Shamik Rajan,user_68@gokhale-dada.com,+********3582,************1242,***,XX-XX-2004,***.***.***.112,+********5937,**** 5158 4911,XXXXXXXXXX,XXXXXXXXXX,ELYPXXXXXXX,**************9970,Q19723156
69,Anaya Loyal,user_69@sodhi.com,******9775,************9518,***,XX-XX-1997,***.46.219.7,+********9024,**** 1332 4174,XXXXXXXXXX,XXXXXXXXXX,BGGAXXXXXXX,**************0512,P14732074
70,Dhruv Tak,user_70@gmail.com,******8579,************3237,***,XX-XX-1970,***.75.221.44,+********2510,**** 7203 4344,XXXXXXXXXX,XXXXXXXXXX,GXIOXXXXXXX,*************0718,U41988748
71,Kiaan Sharaf,user_71@hotmail.com,*******9159,************4244,***,XX-XX-1994,***.161.31.79,+********6819,**** 7781 1911,XXXXXXXXXX,XXXXXXXXXX,YRFOXXXXXXX,*************9250,B85371214
72,Ahana  Saini,user_72@hotmail.com,*******5868,************2179,***,XX-XX-1974,***.27.10.69,+********9516,**** 4323 4050,XXXXXXXXXX,XXXXXXXXXX,LUDUXXXXXXX,**************1344,U34231137
73,Indranil Upadhyay,user_73@dewan.net,*******3706,************7661,***,XX-XX-1972,***.141.246.193,+********4866,**** 2210 7755,XXXXXXXXXX,XXXXXXXXXX,ZJHCXXXXXXX,**************2260,Q96577333
74,Divit Karan,user_74@hotmail.com,******7077,************4445,***,XX-XX-1947,***.***.***.62,+********3335,**** 9326 7943,XXXXXXXXXX,XXXXXXXXXX,IJLNXXXXXXX,**************9665,U72940941
75,Anya Tata,user_75@sabharwal-shroff.org,+********0579,************9826,***,XX-XX-1984,***.33.9.205,+********2689,**** 1179 2241,XXXXXXXXXX,XXXXXXXXXX,RROAXXXXXXX,*************1459,T32153283
76,Yashvi Vig,user_76@yahoo.com,+********8875,************1261,***,XX-XX-1960,***.***.***.133,+********7396,**** 1279 8663,XXXXXXXXXX,XXXXXXXXXX,SBBNXXXXXXX,**************3603,L76712616
77,Vedika Saxena,user_77@hotmail.com,*******5575,************7542,***,XX-XX-2005,***.***.***.111,+********7071,**** 5647 5254,XXXXXXXXXX,XXXXXXXXXX,QQLQXXXXXXX,**************6681,Q89012132
78,Dharmajan Thaker,user_78@sane.biz,+********6708,************7210,***,XX-XX-1957,***.80.94.63,+********8990,**** 1442 7167,XXXXXXXXXX,XXXXXXXXXX,ZBQNXXXXXXX,**************8521,X44175158
79,Arhaan Chatterjee,user_79@hotmail.com,+********4146,************8424,***,XX-XX-1968,***.100.140.167,+********3668,**** 7146 9855,XXXXXXXXXX,XXXXXXXXXX,NDFUXXXXXXX,**************2907,U11061104
80,Amani Subramaniam,user_80@kaur.biz,******9419,************9359,***,XX-XX-1993,***.***.***.155,+********7098,**** 3120 1584,XXXXXXXXXX,XXXXXXXXXX,PMIGXXXXXXX,**************8376,T71220556
81,Himmat Rajan,user_81@yogi-mangat.com,*******6689,************5371,***,XX-XX-1973,***.***.***.95,+********6116,**** 7936 9200,XXXXXXXXXX,XXXXXXXXXX,NUNZXXXXXXX,**************3994,Y68683312
82,Ishaan Trivedi,user_82@barad.com,*******8644,************8214,***,XX-XX-1991,***.***.***.38,+********7226,**** 3810 3931,XXXXXXXXXX,XXXXXXXXXX,KPRSXXXXXXX,**************7016,K64293277
83,Rhea Rajagopal,user_83@sandal-bala.info,******6569,************8259,***,XX-XX-1990,***.169.85.224,+********1267,**** 8688 5262,XXXXXXXXXX,XXXXXXXXXX,YKQBXXXXXXX,**************0279,I34714388
84,Bhavin Deshpande,user_84@shan-bains.info,******9795,************1075,***,XX-XX-1974,***.225.101.255,+********1736,**** 6873 1616,XXXXXXXXXX,XXXXXXXXXX,JLVLXXXXXXX,**************0547,F98156449
85,Neysa Kannan,user_85@goswami.com,******6798,************8584,***,XX-XX-1951,***.159.145.212,+********8472,**** 7996 2231,XXXXXXXXXX,XXXXXXXXXX,UZUSXXXXXXX,**************4289,J67117983
86,Diya Bal,user_86@gmail.com,*******2512,************8817,***,XX-XX-2006,***.232.209.41,+********5953,**** 7093 3304,XXXXXXXXXX,XXXXXXXXXX,MNSNXXXXXXX,**************6906,Z52170953
87,Aarush Raja,user_87@wadhwa.net,******6008,************8100,***,XX-XX-2003,***.***.***.240,+********1045,**** 2218 4653,XXXXXXXXXX,XXXXXXXXXX,HQFRXXXXXXX,*************2985,F33865589
88,Pranay Brahmbhatt,user_88@mani.info,******5647,************1356,***,XX-XX-1989,***.128.198.13,+********4683,**** 5929 7182,XXXXXXXXXX,XXXXXXXXXX,NQBYXXXXXXX,**************1228,U78687088
89,Drishya Deep,user_89@yahoo.com,******9854,************6378,***,XX-XX-1960,***.53.89.164,+********1174,**** 7573 7631,XXXXXXXXXX,XXXXXXXXXX,FVALXXXXXXX,*************6720,H21185847
90,Raunak Jain,user_90@dixit-choudhry.biz,*******5463,************4219,***,XX-XX-1961,***.131.75.80,+********5297,**** 5382 9652,XXXXXXXXXX,XXXXXXXXXX,CVPSXXXXXXX,**************6362,T62651534
91,Reyansh Solanki,user_91@yahoo.com,+********8146,************5288,***,XX-XX-2006,***.***.***.255,+********1421,**** 6798 2114,XXXXXXXXXX,XXXXXXXXXX,RFYYXXXXXXX,**************5104,Z58844192
92,Abram Sampath,user_92@ghosh.com,+********8115,************1256,***,XX-XX-1954,***.***.***.50,+********4103,**** 6017 7504,XXXXXXXXXX,XXXXXXXXXX,CABCXXXXXXX,**************1126,M66461042
93,Manikya Varma,user_93@gmail.com,******8805,************8383,***,XX-XX-1996,***.20.17.32,+********7609,**** 9731 4004,XXXXXXXXXX,XXXXXXXXXX,GYNOXXXXXXX,**************7287,A12951032
94,Abram Rastogi,user_94@rajan.com,+********9045,************6967,***,XX-XX-1979,***.***.***.248,+********7967,**** 4892 7402,XXXXXXXXXX,XXXXXXXXXX,ANFUXXXXXXX,**************1088,E72756084
95,Amira Magar,user_95@gmail.com,******9637,************2396,***,XX-XX-1994,***.***.***.107,+********3627,**** 8550 3846,XXXXXXXXXX,XXXXXXXXXX,PHKOXXXXXXX,**************2278,W33335206
96,Advika Borde,user_96@badami.info,+********0424,************1835,***,XX-XX-1972,***.64.82.120,+********6515,**** 9240 6041,XXXXXXXXXX,XXXXXXXXXX,OCONXXXXXXX,**************8898,T82088822
97,Kanav Sidhu,user_97@bal.net,+********2860,************3088,***,XX-XX-1949,***.***.51.120,+********1330,**** 3529 2184,XXXXXXXXXX,XXXXXXXXXX,VRCQXXXXXXX,**************7018,A84753791
98,Devansh Vora,user_98@kata.net,+********2425,************8017,***,XX-XX-1954,***.8.174.129,+********1636,**** 2282 8888,XXXXXXXXXX,XXXXXXXXXX,FIQZXXXXXXX,**************3326,J24815279
99,Kanav Tata,user_99@choudhry.org,******3086,************5595,***,XX-XX-1963,***.***.***.203,+********3049,**** 7529 6069,XXXXXXXXXX,XXXXXXXXXX,EIHYXXXXXXX,**************7770,E31168027
***,Madhav Ravel,user_100@devi.com,******3301,************3490,***,XX-XX-1959,***.154.159.53,+********6908,**** 9777 3780,XXXXXXXXXX,XXXXXXXXXX,PHIYXXXXXXX,**************5619,V52617163
