NAME,ID,EMAIL,INDIAN_MOBILE,AADHAAR,PAN_CARD,DOB,IP_ADDRESS,PAYMENT_CARD_NUMBER
Divij Bhalla,ID1100,yo***************om,+917474295281,91**********93,UQ******4C,23******84,16***********53,4928-2608-1822-5994
Advika Divan,ID1101,an**************om,+918905869944,60**********97,AYFDE6378I,30-10-1959,17***********16,40***************22
Jayan Bains,ID1102,ne*****************om,+919328006351,8509 6729 2156,PW******0H,06-11-1993,105.174.244.47,4143-6663-8389-5175
Aniruddh Sankar,ID1103,jh***********************om,+9*********51,6217 7919 2135,RJ******0H,15******78,16********87,46***************91
Ela Rastogi,ID1104,di******************om,+9*********65,1925 4193 2555,MOOUR3359D,10******74,1.25.9.131,40***************20
Anvi Sarma,ID1105,ryan03@shroff-seth.info,+9*********98,1853 1211 6791,BZEQL7737R,08-05-1986,16***********51,4983-7728-3540-2604
Kiara Dugar,ID1106,nbhat@hotmail.com,+916001223504,6019 6050 9264,SK******0E,03-02-1983,164.12.4.252,4152-9082-4486-2337
Trisha Thakur,ID1107,sa************************rg,+9*********92,27**********70,VPWCG8885I,12-07-2001,135.2.17.5,4454-8644-1124-1588
Vritika Balan,ID1108,fs******************om,+9*********78,98**********07,PJ******2G,04******96,115.106.224.244,4365-9231-8525-8157
Nishith Choudhury,ID1109,ut****************et,+917716865583,4728 3630 7129,CQ******5I,27******99,72*********45,4333-7260-7906-2218
Uthkarsh Hari,ID1110,duttamamooty@saha-ram.org,+919550717533,5524 2462 3641,OOVVV6284H,30******67,79********61,4244-5548-4158-7875
Drishya Subramaniam,ID1111,sa*************fo,+9*********96,1879 7685 2284,NO******8A,19-07-1973,29.1.132.179,4433-7359-3500-2640
Ivan Sachar,ID1112,dhanukkorpal@hotmail.com,+9*********41,6063 9893 9323,KJLBS5930B,19******07,115.177.13.137,4318-2696-3909-1738
Mahika Sani,ID1113,re**********************fo,+9*********69,8258 7247 7290,KMVHD7580Q,26-07-2002,193.28.39.156,49***************25
Pihu Contractor,ID1114,fb*************************fo,+918136112735,21**********39,KB******9V,14-12-2002,14**********50,43***************16
Divij Rout,ID1115,vr******************om,+9*********81,59**********58,WESSS7216T,29-06-1994,213.6.30.230,40***************24
Lakshay Dâ€™Alia,ID1116,saira93@hotmail.com,+918341103403,24**********86,DO******7G,29******81,144.32.172.59,4436-2621-4000-7942
Tara Kohli,ID1117,vi*********************om,+917575230243,7310 3093 6949,SA******1U,24-12-1975,13*******13,43***************37
Anya Keer,ID1118,nehmat37@hotmail.com,+917629538573,8392 5119 2246,EWGLD5556I,28******62,120.240.156.172,48***************57
Urvi Bir,ID1119,va******************************om,+9*********28,78**********61,FD******0O,15******64,2.*********00,4169-4387-3438-5765
Nakul Divan,ID1120,ab******************om,+9*********49,18**********30,VK******5I,06******61,21*********46,4476-7204-4786-4390
Sana Kata,ID1121,an***************om,+9*********29,81**********48,RJ******9A,09-11-1970,9.*****90,42***************14
Mehul Sidhu,ID1122,rrege@bhatnagar.com,+9*********58,54**********67,CAXMW5029R,27******99,10**********79,42***************13
Hrishita Ramachandran,ID1123,sa*******************om,+919256578019,27**********06,NY******0N,04-12-1987,17***********98,4832-1068-9594-1602
Miraan Jayaraman,ID1124,qsunder@dani.biz,+918203434237,6676 7832 2350,RE******2R,17******59,33.173.130.91,4890-3034-5456-4637
Anaya Gandhi,ID1125,re***************om,+917807663491,8424 3308 8896,MK******1K,03-11-1992,19********59,4695-5002-8485-7212
Dhanuk Hari,ID1126,sravel@bassi.info,+918513291620,96**********15,VUMKE8905Q,25-06-1962,133.75.157.185,4597-9098-4812-5866
Onkar Agarwal,ID1127,ckrish@vasa.com,+9*********20,2471 7340 1577,JDRSH9742H,08******04,41*********18,47***************58
Riya Gopal,ID1128,sahanitara@rout.net,+918039885409,1815 8022 2302,VLEAO4142B,27******65,212.176.102.193,43***************51
Pihu Bhatt,ID1129,bgulati@hotmail.com,+9*********88,16**********17,IOBGQ6522R,12******94,21**********43,48***************09
Pranay Rao,ID1130,mannat13@rout.com,+917820337459,2599 6369 2574,PG******1C,27******83,1.*******13,40***************74
Sara Bhavsar,ID1131,ramakrishnandiya@gupta.net,+919594029507,2851 2635 3435,QR******6G,22-01-2002,189.3.242.206,4556-6173-5189-4175
Rhea Acharya,ID1132,um******************om,+9*********07,34**********34,EUCZJ2315H,22-03-1964,213.88.118.201,40***************15
Yasmin Deo,ID1133,pr***********************om,+9*********48,5577 6862 4774,CIOFL9737T,04******05,20******87,4441-2065-8008-7666
Navya Bobal,ID1134,esaha@hotmail.com,+917171738819,52**********64,XBTTR3654Q,17-11-1993,19**********78,45***************63
Hazel Goel,ID1135,ahujadivij@yahoo.com,+918387646848,8367 8743 4205,XF******3B,19******98,175.113.172.73,4507-7815-1998-5552
Shlok Master,ID1136,ubadal@yahoo.com,+916928463531,3389 3481 3856,JSZTV1847T,28******71,102.107.19.86,43***************72
Adira Toor,ID1137,chawlahansh@wali.com,+917774446935,78**********88,WJ******6C,14******82,140.151.255.21,45***************55
Fateh Shukla,ID1138,mannatwable@raval-dugar.com,+9*********74,8312 2684 4926,MR******5N,08-12-2006,21**********87,4453-3704-7326-7703
Lavanya Sami,ID1139,ma**************om,+9*********18,2941 2414 1586,SHGXH1167B,02-10-2002,25.160.116.135,46***************69
Fateh Dhingra,ID1140,ry**************************om,+9*********31,13**********96,LSVJQ2062Z,04-03-1962,12**********87,4550-7838-1469-9436
Mahika Goda,ID1141,aainachander@mani.org,+9*********07,59**********16,TZFFE3925W,17-10-1961,126.150.231.203,47***************67
Onkar Wagle,ID1142,jr***********om,+917231391377,6047 1502 6581,NX******5N,19******86,20*********19,4980-2966-1115-7714
Hiran Setty,ID1143,amadan@khatri-loke.info,+9*********78,68**********02,AI******3Z,15******94,151.52.161.142,4257-9205-3164-6649
Umang Kala,ID1144,se***********************iz,+918398819568,62**********23,LB******3Z,03-01-1988,17**********64,4494-8149-4623-8671
Ivana Kashyap,ID1145,kartiksinghal@hayre-chacko.com,+9*********84,8673 7555 1589,MD******4P,21-04-1985,173.141.162.152,4313-1937-8128-6013
Aarush Karan,ID1146,mtaneja@hotmail.com,+9*********60,81**********83,CB******1C,17******61,21***********08,4610-3530-1836-2600
Adah Ahluwalia,ID1147,anahita90@hotmail.com,+9*********09,80**********60,CY******6I,06-09-1977,24**********34,4771-4747-6480-4722
Krish Dugal,ID1148,ti***********************om,+917704405540,13**********35,TJTXW5688K,11******00,13***********89,40***************66
Riaan Iyengar,ID1149,zraja@yahoo.com,+9*********29,34**********68,SX******1E,07******96,47.229.189.255,46***************64
Ishita Dalal,ID1150,is****************om,+916020551894,2422 3748 4268,YZ******3A,18******01,14********15,41***************72
Tanya Mangat,ID1151,mohanlal21@hotmail.com,+916621468673,37**********15,BL******9X,24******84,209.197.195.176,4704-1503-5338-4086
Armaan Borde,ID1152,azad41@manne.biz,+919370431341,6074 7223 7905,ZD******0H,23******88,69*******.4,4679-5915-6039-2855
Tiya Gola,ID1153,ma*************************iz,+9*********30,63**********81,EICLX3615T,27******06,36********09,4522-4965-9401-3849
Arhaan Khanna,ID1154,amirabail@bal.net,+9*********40,32**********70,JJ******4T,19******83,80********50,43***************87
Prerak Bera,ID1155,samarthkibe@bal.com,+916588007107,75**********85,BC******3Z,17******02,92********46,45***************70
Anahi Loke,ID1156,ak**********************om,+9*********84,38**********25,XQ******4L,16-11-1986,15**********10,4625-1796-9320-6595
Aradhya Chokshi,ID1157,zd**************om,+9*********60,1295 8054 5439,DLVBO8254R,04******92,19.72.247.204,41***************30
Samarth Vyas,ID1158,dharmajankurian@hotmail.com,+9*********44,78**********69,MSAPV9047V,22******66,64.15.25.87,49***************29
Devansh Mani,ID1159,atwalanaya@jhaveri.com,+9*********06,96**********03,OP******0X,02-03-1990,90.58.8.237,45***************62
Nitya Savant,ID1160,tu******************om,+917592618866,9866 3106 8575,EOFAX1314F,04******82,166.187.169.113,4745-7625-2821-1154
Sana Bal,ID1161,ea***********iz,+919267781727,9332 5551 8280,RKBEE1646O,15-03-1997,65.180.2.208,4739-8568-3850-9849
Zaina Manne,ID1162,tanyachand@yahoo.com,+916880126507,5326 9783 9213,VRMUR3752N,06******76,117.56.190.20,4801-6827-1647-8303
Nishith Rege,ID1163,ka*************om,+9*********05,5224 5234 2826,QKKXS6455V,22-11-1975,70.12.162.131,4772-5025-3102-6714
Nitya Ratti,ID1164,advikkorpal@gmail.com,+919938829373,6033 1089 9609,SA******8R,08-04-1976,82*********47,4002-2947-2525-9217
Dishani Kaul,ID1165,ev*******************rg,+916949470546,38**********83,VI******7Y,04-02-1964,165.68.223.231,45***************44
Anaya Madan,ID1166,behlira@gmail.com,+917784642185,50**********72,PBFHA8866F,16-08-1997,96*********45,4418-4979-9450-3728
Manikya Shroff,ID1167,tsarna@mandal.com,+9*********30,5396 3161 6281,AZ******3L,14******98,59.100.119.150,4989-7956-6360-7311
Jayant Bhandari,ID1168,va*************om,+9*********80,43**********25,TV******3V,25******66,76********86,4718-6223-6701-6250
Vidur Sankaran,ID1169,charvitank@mannan-vasa.com,+919124838723,19**********93,LN******1V,17-06-1982,44********94,4732-5242-4477-9959
Shaan Reddy,ID1170,hridaanbahl@hotmail.com,+918643520427,85**********48,KM******0I,15-01-1978,66**********33,40***************14
Mamooty Bains,ID1171,samardani@hotmail.com,+918775102622,61**********22,IIIWZ4371Z,21******74,206.53.38.153,4289-4119-3807-8945
Manjari Bansal,ID1172,sh*******************om,+9*********28,3910 9786 7347,RHMST2305C,14******78,138.104.95.52,45***************90
Mishti Karan,ID1173,sr***********************om,+918206725997,6403 4344 4631,MDBPH7385E,07-06-1994,86*********17,4007-1441-8022-1520
Piya Bhatti,ID1174,da*****************om,+916687711407,58**********85,XY******6I,27-09-1999,29.246.237.252,46***************07
Renee Kohli,ID1175,koshyjayan@yahoo.com,+9*********11,9549 7129 6186,VKLYC5631Y,05******75,76*********92,46***************19
Mehul Dutta,ID1176,ma****************************et,+916438740272,74**********16,NF******3O,13-08-1964,47.173.243.191,4343-3170-6288-4355
Kanav Sami,ID1177,mamooty34@borra-chada.com,+9*********06,91**********04,CI******6A,27******91,73*********49,45***************73
Akarsh Mann,ID1178,dbal@hotmail.com,+919534226333,7428 7403 8086,LR******4L,20******04,10**********15,4985-6579-6604-6597
Mehul Johal,ID1179,bh******************om,+919116160700,35**********83,CY******0Q,31******83,49********54,45***************34
Eva Sule,ID1180,anayabhagat@varty.com,+9*********58,30**********70,SINAN2847B,29-04-1989,86*******.2,42***************71
Dhanush Bir,ID1181,aarnatiwari@gmail.com,+9*********48,27**********53,OD******7H,28******77,212.137.125.136,42***************81
Aradhya Seth,ID1182,nswamy@hegde-viswanathan.com,+9*********55,20**********02,UR******5E,11-12-1970,15***********52,42***************37
Prisha Shankar,ID1183,ra******************om,+9*********01,1652 3502 6945,KJ******5V,07******03,187.41.21.9,42***************22
Alisha Gade,ID1184,umangmaharaj@hayer.com,+9*********48,32**********46,ZYRLD1273K,18******98,131.92.183.218,40***************58
Siya Jaggi,ID1185,onkar25@chaudhari-kale.com,+9*********71,30**********81,KOEKP5154P,25******96,13*********92,4388-5413-1865-7057
Adah Garde,ID1186,ga*****************om,+9*********40,57**********85,EB******9O,15******60,12********40,47***************32
Ahana  Virk,ID1187,ishita22@yahoo.com,+9*********39,4016 2414 5050,XKQDA3404Z,20-09-1992,12**********65,41***************73
Indrans Loke,ID1188,qd***********fo,+9*********43,4016 5786 2694,PE******2I,03-04-1968,148.162.206.187,4869-1318-2247-4306
Ivan Bail,ID1189,ka****************om,+9*********57,68**********69,TGCMI2265W,07******68,11********68,4625-2364-2865-3965
Damini Tak,ID1190,miraya73@hotmail.com,+9*********42,64**********55,YHMHS7214K,30-10-1977,198.131.60.76,4578-9863-1425-4171
Nirvaan Swaminathan,ID1191,ch*****************om,+9*********66,57**********72,TK******1A,30******98,3.*********04,47***************53
Tushar Soman,ID1192,rmahajan@bahri.info,+9*********74,45**********25,CM******8C,28-09-1999,11**********11,4164-3365-7075-2650
Advika Swaminathan,ID1193,nakul54@yahoo.com,+919540729136,59**********47,EL******3S,14-12-1993,74.253.52.241,4981-5854-3243-5454
Purab Koshy,ID1194,la*************om,+9*********53,4485 9920 8111,KW******9P,13-04-1990,66.159.158.218,46***************35
Indranil Kunda,ID1195,bdhaliwal@roy-bassi.com,+918372555911,3938 3945 6792,VZ******0N,09******65,36********87,4601-1547-5636-3829
Samarth Hans,ID1196,giyer@hotmail.com,+917235565956,9380 2119 4590,NUCQU5005B,09******96,16**********24,4932-9759-4402-9689
Saanvi Chhabra,ID1197,di************om,+9*********32,29**********03,FSNIH2086U,15******85,59*********54,4564-9911-7460-9603
Indranil Mani,ID1198,pihumanne@yahoo.com,+9*********59,40**********28,DY******2W,03-04-1978,16**********10,42***************68
Ivana Shenoy,ID1199,ka*************************om,+9*********37,21**********35,KX******5T,08******73,52.96.161.6,4475-1724-5536-5906
